<?xml version="1.0" encoding="UTF-8"?>
<beans xmlns="http://www.springframework.org/schema/beans"
	xmlns:xsi="http://www.w3.org/2001/XMLSchema-instance"
	xsi:schemaLocation="http://www.springframework.org/schema/beans http://www.springframework.org/schema/beans/spring-beans.xsd"
	default-lazy-init="true">



<!-- mainApp -->

<bean class="com.pradeep.cms.presnetation.CustomerMainApp" id="customerMainApp"  autowire="constructor"    init-method="myInit"  destroy-method="myDestory" >
</bean>

<!-- Service -->
<bean  class="com.pradeep.cms.service.CustomerServiceImpl"   autowire="byName"  id="cs" >
</bean>


<!-- Dao -->
<bean   class="com.pradeep.cms.dao.MapCustomerDaoImpl"  id="customerDao"  >
</bean>

<bean   class="com.pradeep.cms.dao.MapCustomerDaoImpl"  id="cdao2"  >
</bean>


</beans>
